3000,0xef100,0,00,1,28.0,uverbs1
3002,0xef100,1,16.26.4012
3004,0xef100,0x0,0x180000001680,0x81111800007d0d80,0x48f,0,1
3001,0xef100,icmp_dw0,0x0
3001,0xef100,icmp_dw1,0x0
3001,0xef100,icmpv6_dw0,0x0
3001,0xef100,icmpv6_dw1,0x0
3005,0x1609060,0xef100,0x0,0x123
3100,0x160e630,0xef100,0,0
3100,0x160e6a0,0xef100,0,1
3101,0x160e6a0,0xe0200000
3200,0x126154e0,0x160e6a0,1
3201,0x126154e0,ffffffff0000ffffffffffff0000ffff00080000000000000000000000000000000000000000000000000000ffffffff000000000000000000000000ffffffff,ffffffff0000ffffffffffff0000ffff000000000000000000000000000000000000000000000000000000000000000000000000000000000000000000000000,,,,
3202,0x126154e8,0x126154e0,3,0xe0400000,0xe0200002
3204,0x126154e00,1,0x38
3204,0x126154e01,1,0x20
3204,0x126154e02,1,0x37
3300,0x1262f8e0,0x126154e0
3301,0xe0400000,0x1262f8e0,2038ff0000002038080001a0000000000000000000000000000000380800008000000000000000000000000004000000
3301,0xe0200006,0x1262f8e0,2020fff000003738080001e0000000000000000000000000000000380800008001000000010000000000000000000000
3301,0xe0200007,0x1262f8e0,2037000000000f00000016a0000000000000000000000000000000380800008000000000000000000000000000000000
3403,0x12614ad0,0x1262f8e0
3300,0x1262fc10,0x126154e0
3301,0xe040000c,0x1262fc10,2038ff000000203808000260000000000000000000000000000000380800008000000000000100000000000104000000
3301,0xe0200009,0x1262fc10,2020fff000003738080002a0000000000000000000000000000000380800008001000001010000010000000000000000
3301,0xe020000a,0x1262fc10,2037000000000f00000016a0000000000000000000000000000000380800008000000000000100000000000100000000
3403,0x12614ad0,0x1262fc10
3300,0x1262fe80,0x126154e0
3301,0xe0400002,0x1262fe80,2038ff000000203808000320000000000000000000000000000000380800008000000000000200000000000204000000
3301,0xe020000c,0x1262fe80,2020fff00000373808000360000000000000000000000000000000380800008001000002010000020000000000000000
3301,0xe020000d,0x1262fe80,2037000000000f00000016a0000000000000000000000000000000380800008000000000000200000000000200000000
3403,0x12614ad0,0x1262fe80
3300,0x1d2300d0,0x126154e0
3301,0xe040000e,0x1d2300d0,2038ff0000002038080003e0000000000000000000000000000000380800008000000000000300000000000304000000
3301,0xe020000f,0x1d2300d0,2020fff00000373808000420000000000000000000000000000000380800008001000003010000030000000000000000
3301,0xe0200010,0x1d2300d0,2037000000000f00000016a0000000000000000000000000000000380800008000000000000300000000000300000000
3403,0x12614ad0,0x1d2300d0
3300,0x1d230260,0x126154e0
3301,0xe0400005,0x1d230260,2038ff000000203808000460000000000000000000000000000000380800008000000000000400000000000404000000
3301,0xe0200011,0x1d230260,2020fff000003738080004a0000000000000000000000000000000380800008001000004010000040000000000000000
3301,0xe0200012,0x1d230260,2037000000000f00000016a0000000000000000000000000000000380800008000000000000400000000000400000000
3403,0x12614ad0,0x1d230260
3300,0x1d2303f0,0x126154e0
3301,0xe0400009,0x1d2303f0,2038ff0000002038080004e0000000000000000000000000000000380800008000000000000500000000000504000000
3301,0xe0200013,0x1d2303f0,2020fff00000373808000520000000000000000000000000000000380800008001000005010000050000000000000000
3301,0xe0200014,0x1d2303f0,2037000000000f00000016a0000000000000000000000000000000380800008000000000000500000000000500000000
3403,0x12614ad0,0x1d2303f0
3300,0x263306a0,0x126154e0
3301,0xe0400007,0x263306a0,2038ff000000203808000560000000000000000000000000000000380800008000000000000600000000000604000000
3301,0xe0200015,0x263306a0,2020fff000003738080005a0000000000000000000000000000000380800008001000006010000060000000000000000
3301,0xe0200016,0x263306a0,2037000000000f00000016a0000000000000000000000000000000380800008000000000000600000000000600000000
3403,0x12614ad0,0x263306a0
3300,0x26330800,0x126154e0
3301,0xe040000b,0x26330800,2038ff0000002038080005e0000000000000000000000000000000380800008000000000000700000000000704000000
3301,0xe0200017,0x26330800,2020fff00000373808000620000000000000000000000000000000380800008001000007010000070000000000000000
3301,0xe0200018,0x26330800,2037000000000f00000016a0000000000000000000000000000000380800008000000000000700000000000700000000
3403,0x12614ad0,0x26330800
3300,0x263309b0,0x126154e0
3301,0xe040000a,0x263309b0,2038ff000000203808000660000000000000000000000000000000380800008000000000000800000000000804000000
3301,0xe0200019,0x263309b0,2020fff000003738080006a0000000000000000000000000000000380800008001000008010000080000000000000000
3301,0xe020001a,0x263309b0,2037000000000f00000016a0000000000000000000000000000000380800008000000000000800000000000800000000
3403,0x12614ad0,0x263309b0
3300,0x26330b60,0x126154e0
3301,0xe0400006,0x26330b60,2038ff0000002038080006e0000000000000000000000000000000380800008000000000000900000000000904000000
3301,0xe020001b,0x26330b60,2020fff00000373808000720000000000000000000000000000000380800008001000009010000090000000000000000
3301,0xe020001c,0x26330b60,2037000000000f00000016a0000000000000000000000000000000380800008000000000000900000000000900000000
3403,0x12614ad0,0x26330b60
3100,0x12614920,0xef100,0,2
3101,0x12614920,0xe0200001
3200,0x12615dc0,0x12614920,1
3201,0x12615dc0,785634120000ffff785634120000ffff000c0000000000000000000000000000ffffffffffffffffffffffffffffffff00000000000000000000000000000000,,,,,
3202,0x12615dc8,0x12615dc0,2,0xe0200005,0xe0200004
3204,0x12615dc00,1,0x38
3204,0x12615dc01,1,0x1f
