3000,0xee802,2,00,1,28.0,uverbs2
3002,0xee802,66,16.27.1064
3004,0xee802,0x0,0x180000001680,0x8111180000690d80,0x48f,65,1
3003,0xee802,0,0x0,0x180000a00000,0x180000a20000
3003,0xee802,1,0x2,0x180000a00040,0x180000a20040
3003,0xee802,2,0x3,0x180000a00080,0x180000a20080
3003,0xee802,3,0x0,0x0,0x0
3003,0xee802,4,0x0,0x0,0x0
3003,0xee802,5,0x0,0x0,0x0
3003,0xee802,6,0x0,0x0,0x0
3003,0xee802,7,0x0,0x0,0x0
3003,0xee802,8,0x0,0x0,0x0
3003,0xee802,9,0x0,0x0,0x0
3003,0xee802,10,0x0,0x0,0x0
3003,0xee802,11,0x0,0x0,0x0
3003,0xee802,12,0x0,0x0,0x0
3003,0xee802,13,0x0,0x0,0x0
3003,0xee802,14,0x0,0x0,0x0
3003,0xee802,15,0x0,0x0,0x0
3003,0xee802,16,0x0,0x0,0x0
3003,0xee802,17,0x0,0x0,0x0
3003,0xee802,18,0x0,0x0,0x0
3003,0xee802,19,0x0,0x0,0x0
3003,0xee802,20,0x0,0x0,0x0
3003,0xee802,21,0x0,0x0,0x0
3003,0xee802,22,0x0,0x0,0x0
3003,0xee802,23,0x0,0x0,0x0
3003,0xee802,24,0x0,0x0,0x0
3003,0xee802,25,0x0,0x0,0x0
3003,0xee802,26,0x0,0x0,0x0
3003,0xee802,27,0x0,0x0,0x0
3003,0xee802,28,0x0,0x0,0x0
3003,0xee802,29,0x0,0x0,0x0
3003,0xee802,30,0x0,0x0,0x0
3003,0xee802,31,0x0,0x0,0x0
3003,0xee802,32,0x0,0x0,0x0
3003,0xee802,33,0x0,0x0,0x0
3003,0xee802,34,0x0,0x0,0x0
3003,0xee802,35,0x0,0x0,0x0
3003,0xee802,36,0x0,0x0,0x0
3003,0xee802,37,0x0,0x0,0x0
3003,0xee802,38,0x0,0x0,0x0
3003,0xee802,39,0x0,0x0,0x0
3003,0xee802,40,0x0,0x0,0x0
3003,0xee802,41,0x0,0x0,0x0
3003,0xee802,42,0x0,0x0,0x0
3003,0xee802,43,0x0,0x0,0x0
3003,0xee802,44,0x0,0x0,0x0
3003,0xee802,45,0x0,0x0,0x0
3003,0xee802,46,0x0,0x0,0x0
3003,0xee802,47,0x0,0x0,0x0
3003,0xee802,48,0x0,0x0,0x0
3003,0xee802,49,0x0,0x0,0x0
3003,0xee802,50,0x0,0x0,0x0
3003,0xee802,51,0x0,0x0,0x0
3003,0xee802,52,0x0,0x0,0x0
3003,0xee802,53,0x0,0x0,0x0
3003,0xee802,54,0x0,0x0,0x0
3003,0xee802,55,0x0,0x0,0x0
3003,0xee802,56,0x0,0x0,0x0
3003,0xee802,57,0x0,0x0,0x0
3003,0xee802,58,0x0,0x0,0x0
3003,0xee802,59,0x0,0x0,0x0
3003,0xee802,60,0x0,0x0,0x0
3003,0xee802,61,0x0,0x0,0x0
3003,0xee802,62,0x0,0x0,0x0
3003,0xee802,63,0x0,0x0,0x0
3003,0xee802,64,0x0,0x0,0x0
3001,0xee802,icmp_dw0,0x0
3001,0xee802,icmp_dw1,0x0
3001,0xee802,icmpv6_dw0,0x0
3001,0xee802,icmpv6_dw1,0x0
3005,0x55caa4426ca0,0xee802,0x0,0x11ec
3100,0x55caa457a5f0,0xee802,4,1
3101,0x55caa457a5f0,0xe0100006
3102,0x55caa457a5f0,0xe0100007
3100,0x55caa457b570,0xee802,0,0
3100,0x55caa4621c50,0xee802,4,65533
3101,0x55caa4621c50,0xe0100008
3102,0x55caa4621c50,0xe0100009
3100,0x55caa4621fe0,0xee802,4,65532
3101,0x55caa4621fe0,0xe010000a
3102,0x55caa4621fe0,0xe010000b
3200,0x55caa46230b0,0x55caa4621fe0,0
3201,0x55caa46230b0,,,,0000000000000000000000000000000000000000000000000000000000000000ff00000000000000000000000000000000000000000000000000000000000000,,
3202,0x55caa46230b8,0x55caa46230b0,1,0xe0100018,0xe0100010
3204,0x55caa46230b00,1,0x2f
3203,0x55caa4623410,0x55caa46230b0,1,0xe010001c,0xe0100012
3204,0x55caa46230b00,0,0x2f
3300,0x55caa4624fe0,0x55caa46230b0
3301,0xe010001a,0x55caa4624fe0,202f000000000f3804000220000000000000000000001000000080380400040000000000000000000000000000000002
3302,0xe010001e,0x55caa4624fe0,102f000000000f3804000260000000000000000000001000000080380400048000000000000000000000000000000002
3416,0x55caa457d810,0x55caa4624fe0,0x801000
3405,0x55caa4624fa0,0x55caa4624fe0,0x4f
3300,0x55caa46250e0,0x55caa46230b0
3301,0xe010001b,0x55caa46250e0,202f000000000f38040002200000000000000000000011ff000080380400040000000000000000000000000000000001
3302,0xe010001f,0x55caa46250e0,102f000000000f38040002600000000000000000000011ff000080380400048000000000000000000000000000000001
3406,0x55caa45dd1a0,0x55caa46250e0,0x8011ff
3405,0x55caa4624fa0,0x55caa46250e0,0x4f
3300,0x55caa4625450,0x55caa46230b0
3301,0xe0100018,0x55caa4625450,202f000000000f00000016a00000000000000000000011fe000080380400040000000000000000000000000000000000
3302,0xe010001c,0x55caa4625450,102f000000000f0000690da00000000000000000000011fe000080380400048000000000000000000000000000000000
3406,0x55caa45dd1e0,0x55caa4625450,0x8011fe
3403,0x55caa45dd260,0x55caa4625450
3200,0x55caa4622340,0x55caa4621fe0,3
3201,0x55caa4622340,,,,,,
3202,0x55caa4622348,0x55caa4622340,1,0xe010000d,0xe010000c
3204,0x55caa46223400,1,0xf
3203,0x55caa46226a0,0x55caa4622340,1,0xe010000f,0xe010000e
3204,0x55caa46223400,0,0xf
3300,0x55caa4623ec0,0x55caa4622340
3301,0xe010000d,0x55caa4623ec0,200f000000000f00000016a00000000000000000000011fd000080380400030000000000000000000000000000000000
3302,0xe010000f,0x55caa4623ec0,100f000000000f0000690da00000000000000000000011fd000080380400038000000000000000000000000000000000
3406,0x55caa45dd220,0x55caa4623ec0,0x8011fd
3403,0x55caa45dd260,0x55caa4623ec0
3000,0xee800,0,00,1,28.0,uverbs2
3002,0xee800,66,16.27.1064
3004,0xee800,0x0,0x180000001680,0x8111180000690d80,0x48f,65,1
3003,0xee800,0,0x0,0x180000a00000,0x180000a20000
3003,0xee800,1,0x2,0x180000a00040,0x180000a20040
3003,0xee800,2,0x3,0x180000a00080,0x180000a20080
3003,0xee800,3,0x0,0x0,0x0
3003,0xee800,4,0x0,0x0,0x0
3003,0xee800,5,0x0,0x0,0x0
3003,0xee800,6,0x0,0x0,0x0
3003,0xee800,7,0x0,0x0,0x0
3003,0xee800,8,0x0,0x0,0x0
3003,0xee800,9,0x0,0x0,0x0
3003,0xee800,10,0x0,0x0,0x0
3003,0xee800,11,0x0,0x0,0x0
3003,0xee800,12,0x0,0x0,0x0
3003,0xee800,13,0x0,0x0,0x0
3003,0xee800,14,0x0,0x0,0x0
3003,0xee800,15,0x0,0x0,0x0
3003,0xee800,16,0x0,0x0,0x0
3003,0xee800,17,0x0,0x0,0x0
3003,0xee800,18,0x0,0x0,0x0
3003,0xee800,19,0x0,0x0,0x0
3003,0xee800,20,0x0,0x0,0x0
3003,0xee800,21,0x0,0x0,0x0
3003,0xee800,22,0x0,0x0,0x0
3003,0xee800,23,0x0,0x0,0x0
3003,0xee800,24,0x0,0x0,0x0
3003,0xee800,25,0x0,0x0,0x0
3003,0xee800,26,0x0,0x0,0x0
3003,0xee800,27,0x0,0x0,0x0
3003,0xee800,28,0x0,0x0,0x0
3003,0xee800,29,0x0,0x0,0x0
3003,0xee800,30,0x0,0x0,0x0
3003,0xee800,31,0x0,0x0,0x0
3003,0xee800,32,0x0,0x0,0x0
3003,0xee800,33,0x0,0x0,0x0
3003,0xee800,34,0x0,0x0,0x0
3003,0xee800,35,0x0,0x0,0x0
3003,0xee800,36,0x0,0x0,0x0
3003,0xee800,37,0x0,0x0,0x0
3003,0xee800,38,0x0,0x0,0x0
3003,0xee800,39,0x0,0x0,0x0
3003,0xee800,40,0x0,0x0,0x0
3003,0xee800,41,0x0,0x0,0x0
3003,0xee800,42,0x0,0x0,0x0
3003,0xee800,43,0x0,0x0,0x0
3003,0xee800,44,0x0,0x0,0x0
3003,0xee800,45,0x0,0x0,0x0
3003,0xee800,46,0x0,0x0,0x0
3003,0xee800,47,0x0,0x0,0x0
3003,0xee800,48,0x0,0x0,0x0
3003,0xee800,49,0x0,0x0,0x0
3003,0xee800,50,0x0,0x0,0x0
3003,0xee800,51,0x0,0x0,0x0
3003,0xee800,52,0x0,0x0,0x0
3003,0xee800,53,0x0,0x0,0x0
3003,0xee800,54,0x0,0x0,0x0
3003,0xee800,55,0x0,0x0,0x0
3003,0xee800,56,0x0,0x0,0x0
3003,0xee800,57,0x0,0x0,0x0
3003,0xee800,58,0x0,0x0,0x0
3003,0xee800,59,0x0,0x0,0x0
3003,0xee800,60,0x0,0x0,0x0
3003,0xee800,61,0x0,0x0,0x0
3003,0xee800,62,0x0,0x0,0x0
3003,0xee800,63,0x0,0x0,0x0
3003,0xee800,64,0x0,0x0,0x0
3001,0xee800,icmp_dw0,0x0
3001,0xee800,icmp_dw1,0x0
3001,0xee800,icmpv6_dw0,0x0
3001,0xee800,icmpv6_dw1,0x0
3005,0x55caa4316310,0xee800,0x0,0x11ea
3100,0x55caa456bc50,0xee800,0,65533
3101,0x55caa456bc50,0xe0000036
3200,0x55caa4626aa0,0x55caa456bc50,3
3201,0x55caa4626aa0,,,,000000000000000000000000000000000000000000000000000000000000000000ffffff00000000000000000000ffff00000000000000000000000000000000,,
3202,0x55caa4626aa8,0x55caa4626aa0,1,0xe0000116,0xe0000115
3204,0x55caa4626aa00,1,0x2f
3300,0x55caa4628560,0x55caa4626aa0
3301,0xe0000116,0x55caa4628560,602f000000000f3800000da0000100000000000e00000000000000380000454000160000000000000000000000000d00
3402,,0x55caa46269e0,0x55caa46285600xe
3405,0x55caa4570470,0x55caa4628560,0x4a
3200,0x55caa4572110,0x55caa456bc50,12
3201,0x55caa4572110,,,,00000000000000000000000000000000000000000000000000000000000000000000000000000000000000000000ffff00000000000000000000000000000000,,
3202,0x55caa4572118,0x55caa4572110,1,0xe00000b8,0xe0000042
3204,0x55caa45721100,1,0x2f
3300,0x55caa4572ae0,0x55caa4572110
3301,0xe00000b9,0x55caa4572ae0,602f000000000f3800000de0000100000000000c00000000000000380000108000550000000000000000000000000000
3402,,0x55caa4572050,0x55caa4572ae00xc
3405,0x55caa4572010,0x55caa4572ae0,0x4b
3300,0x55caa45a8e80,0x55caa4572110
3301,0xe00000bb,0x55caa45a8e80,602f000000000f3800000de0000100000000000c00000000000000380000108000150000000000000000000000000000
3402,,0x55caa4572050,0x55caa45a8e800xc
3405,0x55caa4572010,0x55caa45a8e80,0x4b
3300,0x55caa45d0d90,0x55caa4572110
3301,0xe00000ba,0x55caa45d0d90,602f000000000f3800000de0000100000000000c00000000000000380000108000160000000000000000000000000000
3402,,0x55caa4572050,0x55caa45d0d900xc
3405,0x55caa4572010,0x55caa45d0d90,0x4b
3100,0x55caa456c7a0,0xee800,0,65534
3101,0x55caa456c7a0,0xe0000037
3200,0x55caa4627550,0x55caa456c7a0,0
3201,0x55caa4627550,,,,000000000000000000000000000000000000000000000000000000000000000000ffffff00000000000000000000ffff00000000000000000000000000000000,,
3202,0x55caa4627558,0x55caa4627550,1,0xe0000118,0xe0000117
3204,0x55caa46275500,1,0x2f
3300,0x55caa4628440,0x55caa4627550
3301,0xe0000118,0x55caa4628440,202f000000000f2400024f6000000000000000000000000000000038000045c000160000000000000000000000000d00
3404,0x55caa4628400,0x55caa4628440,0x0
3200,0x55caa456d4c0,0x55caa456c7a0,0
3201,0x55caa456d4c0,,,,000000000000000000000000000000000000000000000000000000000000000000000000ffffffff000000000000ffff00000000000000000000000000000000,,
3202,0x55caa456d4c8,0x55caa456d4c0,1,0xe00000c0,0xe0000078
3204,0x55caa456d4c00,1,0x2f
3300,0x55caa456e8c0,0x55caa456d4c0
3301,0xe00000fa,0x55caa456e8c0,202f000000000f2400023760000000000000000000000000000000380000400000550000000000000000000300000000
3404,0x55caa457ea60,0x55caa456e8c0,0x0
3300,0x55caa457d970,0x55caa456d4c0
3301,0xe00000c7,0x55caa457d970,202f000000000f2400023b60000000000000000000000000000000380000404000550000000000000000000200000000
3404,0x55caa456f660,0x55caa457d970,0x0
3300,0x55caa456f6c0,0x55caa456d4c0
3301,0xe00000c0,0x55caa456f6c0,202f000000000f2400023d6000000000000000000000000000000038000041c000550000000000000000000100000000
3404,0x55caa456fbd0,0x55caa456f6c0,0x0
3300,0x55caa457cea0,0x55caa456d4c0
3301,0xe00000f2,0x55caa457cea0,202f000000000f2400023760000000000000000000000000000000380000418000550000000000000000000600000000
3404,0x55caa457ea60,0x55caa457cea0,0x0
3300,0x55caa45a8900,0x55caa456d4c0
3301,0xe00000f5,0x55caa45a8900,202f000000000f2400023b600000000000000000000000000000003800001e0000550000000000000000000500000000
3404,0x55caa456f660,0x55caa45a8900,0x0
3300,0x55caa457d270,0x55caa456d4c0
3301,0xe00000c8,0x55caa457d270,202f000000000f2400023d600000000000000000000000000000003800001e0000550000000000000000000400000000
3404,0x55caa456fbd0,0x55caa457d270,0x0
3300,0x55caa457d500,0x55caa456d4c0
3301,0xe00000f0,0x55caa457d500,202f000000000f240002376000000000000000000000000000000038000040c000550000000000000000000900000000
3404,0x55caa457ea60,0x55caa457d500,0x0
3300,0x55caa457e7d0,0x55caa456d4c0
3301,0xe00000cd,0x55caa457e7d0,202f000000000f2400023b60000000000000000000000000000000380000410000550000000000000000000800000000
3404,0x55caa456f660,0x55caa457e7d0,0x0
3300,0x55caa45d25c0,0x55caa456d4c0
3301,0xe00000cf,0x55caa45d25c0,202f000000000f2400023d600000000000000000000000000000003800001e0000550000000000000000000700000000
3404,0x55caa456fbd0,0x55caa45d25c0,0x0
3300,0x55caa45d2860,0x55caa456d4c0
3301,0xe00000f8,0x55caa45d2860,202f000000000f2400023760000000000000000000000000000000380000408000550000000000000000000c00000000
3404,0x55caa457ea60,0x55caa45d2860,0x0
3300,0x55caa45d2b40,0x55caa456d4c0
3301,0xe00000ca,0x55caa45d2b40,202f000000000f2400023b60000000000000000000000000000000380000414000550000000000000000000b00000000
3404,0x55caa456f660,0x55caa45d2b40,0x0
3300,0x55caa45d2e20,0x55caa456d4c0
3301,0xe00000f7,0x55caa45d2e20,202f000000000f2400023d600000000000000000000000000000003800001e0000550000000000000000000a00000000
3404,0x55caa456fbd0,0x55caa45d2e20,0x0
3300,0x55caa45a9940,0x55caa456d4c0
3301,0xe0000100,0x55caa45a9940,202f000000000f24000243600000000000000000000000000000003800001e0000150000000000000000000900000000
3404,0x55caa45a9050,0x55caa45a9940,0x0
3300,0x55caa45a8ce0,0x55caa456d4c0
3301,0xe0000101,0x55caa45a8ce0,202f000000000f24000245600000000000000000000000000000003800001e0000150000000000000000000800000000
3404,0x55caa45a4fc0,0x55caa45a8ce0,0x0
3300,0x55caa45a61e0,0x55caa456d4c0
3301,0xe00000c5,0x55caa45a61e0,202f000000000f24000247600000000000000000000000000000003800001e0000150000000000000000000700000000
3404,0x55caa45a9620,0x55caa45a61e0,0x0
3300,0x55caa45a5f00,0x55caa456d4c0
3301,0xe0000102,0x55caa45a5f00,202f000000000f24000243600000000000000000000000000000003800001e0000150000000000000000000600000000
3404,0x55caa45a9050,0x55caa45a5f00,0x0
3300,0x55caa45a5b00,0x55caa456d4c0
3301,0xe00000ff,0x55caa45a5b00,202f000000000f24000245600000000000000000000000000000003800001e0000150000000000000000000500000000
3404,0x55caa45a4fc0,0x55caa45a5b00,0x0
3300,0x55caa45a5460,0x55caa456d4c0
3301,0xe00000c2,0x55caa45a5460,202f000000000f24000247600000000000000000000000000000003800001e0000150000000000000000000400000000
3404,0x55caa45a9620,0x55caa45a5460,0x0
3300,0x55caa45a5100,0x55caa456d4c0
3301,0xe0000103,0x55caa45a5100,202f000000000f24000243600000000000000000000000000000003800001e0000150000000000000000000300000000
3404,0x55caa45a9050,0x55caa45a5100,0x0
3300,0x55caa45a9780,0x55caa456d4c0
3301,0xe0000104,0x55caa45a9780,202f000000000f24000245600000000000000000000000000000003800001e0000150000000000000000000200000000
3404,0x55caa45a4fc0,0x55caa45a9780,0x0
3300,0x55caa45d33a0,0x55caa456d4c0
3301,0xe0000105,0x55caa45d33a0,202f000000000f24000247600000000000000000000000000000003800001e0000150000000000000000000100000000
3404,0x55caa45a9620,0x55caa45d33a0,0x0
3300,0x55caa45d3600,0x55caa456d4c0
3301,0xe0000106,0x55caa45d3600,202f000000000f24000243600000000000000000000000000000003800001e0000150000000000000000000c00000000
3404,0x55caa45a9050,0x55caa45d3600,0x0
3300,0x55caa45d38e0,0x55caa456d4c0
3301,0xe0000107,0x55caa45d38e0,202f000000000f24000245600000000000000000000000000000003800001e0000150000000000000000000b00000000
3404,0x55caa45a4fc0,0x55caa45d38e0,0x0
3300,0x55caa45d3bc0,0x55caa456d4c0
3301,0xe00000fd,0x55caa45d3bc0,202f000000000f24000247600000000000000000000000000000003800001e0000150000000000000000000a00000000
3404,0x55caa45a9620,0x55caa45d3bc0,0x0
3300,0x55caa45d0c10,0x55caa456d4c0
3301,0xe00000eb,0x55caa45d0c10,202f000000000f24000249600000000000000000000000000000003800001e0000160000000000000000000900000000
3404,0x55caa45d02b0,0x55caa45d0c10,0x0
3300,0x55caa45d0a90,0x55caa456d4c0
3301,0xe00000d6,0x55caa45d0a90,202f000000000f2400024b600000000000000000000000000000003800001e0000160000000000000000000800000000
3404,0x55caa45a8b20,0x55caa45d0a90,0x0
3300,0x55caa45d0910,0x55caa456d4c0
3301,0xe00000d4,0x55caa45d0910,202f000000000f2400024d600000000000000000000000000000003800001e0000160000000000000000000700000000
3404,0x55caa45a8a80,0x55caa45d0910,0x0
3300,0x55caa45d0790,0x55caa456d4c0
3301,0xe00000e9,0x55caa45d0790,202f000000000f24000249600000000000000000000000000000003800001e0000160000000000000000000600000000
3404,0x55caa45d02b0,0x55caa45d0790,0x0
3300,0x55caa45d0610,0x55caa456d4c0
3301,0xe00000ee,0x55caa45d0610,202f000000000f2400024b600000000000000000000000000000003800001e0000160000000000000000000500000000
3404,0x55caa45a8b20,0x55caa45d0610,0x0
3300,0x55caa45d0490,0x55caa456d4c0
3301,0xe00000d3,0x55caa45d0490,202f000000000f2400024d600000000000000000000000000000003800001e0000160000000000000000000400000000
3404,0x55caa45a8a80,0x55caa45d0490,0x0
3300,0x55caa45d02f0,0x55caa456d4c0
3301,0xe00000e1,0x55caa45d02f0,202f000000000f24000249600000000000000000000000000000003800001e0000160000000000000000000300000000
3404,0x55caa45d02b0,0x55caa45d02f0,0x0
3300,0x55caa45cfdf0,0x55caa456d4c0
3301,0xe00000dc,0x55caa45cfdf0,202f000000000f2400024b600000000000000000000000000000003800001e0000160000000000000000000200000000
3404,0x55caa45a8b20,0x55caa45cfdf0,0x0
3300,0x55caa45d1240,0x55caa456d4c0
3301,0xe00000db,0x55caa45d1240,202f000000000f2400024d600000000000000000000000000000003800001e0000160000000000000000000100000000
3404,0x55caa45a8a80,0x55caa45d1240,0x0
3300,0x55caa45d3d60,0x55caa456d4c0
3301,0xe00000e3,0x55caa45d3d60,202f000000000f24000249600000000000000000000000000000003800001e0000160000000000000000000c00000000
3404,0x55caa45d02b0,0x55caa45d3d60,0x0
3300,0x55caa45d3ee0,0x55caa456d4c0
3301,0xe00000d1,0x55caa45d3ee0,202f000000000f2400024b600000000000000000000000000000003800001e0000160000000000000000000b00000000
3404,0x55caa45a8b20,0x55caa45d3ee0,0x0
3300,0x55caa45d4060,0x55caa456d4c0
3301,0xe00000ec,0x55caa45d4060,202f000000000f2400024d600000000000000000000000000000003800001e0000160000000000000000000a00000000
3404,0x55caa45a8a80,0x55caa45d4060,0x0
3100,0x55caa4571fa0,0xee800,0,0
3100,0x55caa46203a0,0xee800,0,65532
3101,0x55caa46203a0,0xe0000108
3200,0x55caa4621060,0x55caa46203a0,0
3201,0x55caa4621060,,,,0000000000000000000000000000000000000000000000000000000000000000ff00000000000000000000000000000000000000000000000000000000000000,,
3202,0x55caa4621068,0x55caa4621060,1,0xe0000110,0xe000010b
3204,0x55caa46210600,1,0x2f
3300,0x55caa4624860,0x55caa4621060
3301,0xe0000112,0x55caa4624860,202f000000000f3800000da000000000000000000000100000008038000042c000000000000000000000000000000002
3406,0x55caa457d810,0x55caa4624860,0x801000
3405,0x55caa4624820,0x55caa4624860,0x4a
3300,0x55caa4624930,0x55caa4621060
3301,0xe0000113,0x55caa4624930,202f000000000f3800000da00000000000000000000011ff00008038000042c000000000000000000000000000000001
3406,0x55caa45dd1a0,0x55caa4624930,0x8011ff
3405,0x55caa4624820,0x55caa4624930,0x4a
3300,0x55caa4624b10,0x55caa4621060
3301,0xe0000110,0x55caa4624b10,202f000000000f00000016a00000000000000000000011fe00008038000042c000000000000000000000000000000000
3406,0x55caa45dd1e0,0x55caa4624b10,0x8011fe
3403,0x55caa45dd260,0x55caa4624b10
3200,0x55caa46205b0,0x55caa46203a0,3
3201,0x55caa46205b0,,,,,,
3202,0x55caa46205b8,0x55caa46205b0,1,0xe000010a,0xe0000109
3204,0x55caa46205b00,1,0xf
3300,0x55caa4621bb0,0x55caa46205b0
3301,0xe000010a,0x55caa4621bb0,200f000000000f00000016a00000000000000000000011fd000080380000424000000000000000000000000000000000
3406,0x55caa45dd220,0x55caa4621bb0,0x8011fd
3403,0x55caa45dd260,0x55caa4621bb0
3100,0x55caa4623f60,0xee800,0,1
3101,0x55caa4623f60,0xe000010e
3200,0x55caa4625f40,0x55caa4623f60,3
3201,0x55caa4625f40,00000000000000000000000000000000008800ff0000000000000000000000000000000000000000000000000000000000000000000000000000000000000000,,,00000000000000000000000000000000000000000000000000000000000000000000000000000000000000000000ffff00000000000000000000000000000000,,
3202,0x55caa4625f48,0x55caa4625f40,3,0xe0000114,0xe000010f
3204,0x55caa4625f400,1,0x2f
3204,0x55caa4625f401,1,0x1b
3204,0x55caa4625f402,1,0x20
3300,0x55caa4628630,0x55caa4625f40
3301,0xe0000114,0x55caa4628630,202f000000001b380000466000000000000000000000000000000038000043c000160000000000000000000000000000
3301,0xe0000119,0x55caa4628630,201b000100002038000046a000000000000000000000000000000038000043c000000000000000000000000004000000
3301,0xe000011a,0x55caa4628630,6020000000000f3400000020000100000000000d0000000000000038000043c000000000000000000000000000000006
3402,,0x55caa4625cf0,0x55caa46286300xd
3000,0xee801,1,00,1,28.0,uverbs2
3002,0xee801,66,16.27.1064
3004,0xee801,0x0,0x180000001680,0x8111180000690d80,0x48f,65,1
3003,0xee801,0,0x0,0x180000a00000,0x180000a20000
3003,0xee801,1,0x2,0x180000a00040,0x180000a20040
3003,0xee801,2,0x3,0x180000a00080,0x180000a20080
3003,0xee801,3,0x0,0x0,0x0
3003,0xee801,4,0x0,0x0,0x0
3003,0xee801,5,0x0,0x0,0x0
3003,0xee801,6,0x0,0x0,0x0
3003,0xee801,7,0x0,0x0,0x0
3003,0xee801,8,0x0,0x0,0x0
3003,0xee801,9,0x0,0x0,0x0
3003,0xee801,10,0x0,0x0,0x0
3003,0xee801,11,0x0,0x0,0x0
3003,0xee801,12,0x0,0x0,0x0
3003,0xee801,13,0x0,0x0,0x0
3003,0xee801,14,0x0,0x0,0x0
3003,0xee801,15,0x0,0x0,0x0
3003,0xee801,16,0x0,0x0,0x0
3003,0xee801,17,0x0,0x0,0x0
3003,0xee801,18,0x0,0x0,0x0
3003,0xee801,19,0x0,0x0,0x0
3003,0xee801,20,0x0,0x0,0x0
3003,0xee801,21,0x0,0x0,0x0
3003,0xee801,22,0x0,0x0,0x0
3003,0xee801,23,0x0,0x0,0x0
3003,0xee801,24,0x0,0x0,0x0
3003,0xee801,25,0x0,0x0,0x0
3003,0xee801,26,0x0,0x0,0x0
3003,0xee801,27,0x0,0x0,0x0
3003,0xee801,28,0x0,0x0,0x0
3003,0xee801,29,0x0,0x0,0x0
3003,0xee801,30,0x0,0x0,0x0
3003,0xee801,31,0x0,0x0,0x0
3003,0xee801,32,0x0,0x0,0x0
3003,0xee801,33,0x0,0x0,0x0
3003,0xee801,34,0x0,0x0,0x0
3003,0xee801,35,0x0,0x0,0x0
3003,0xee801,36,0x0,0x0,0x0
3003,0xee801,37,0x0,0x0,0x0
3003,0xee801,38,0x0,0x0,0x0
3003,0xee801,39,0x0,0x0,0x0
3003,0xee801,40,0x0,0x0,0x0
3003,0xee801,41,0x0,0x0,0x0
3003,0xee801,42,0x0,0x0,0x0
3003,0xee801,43,0x0,0x0,0x0
3003,0xee801,44,0x0,0x0,0x0
3003,0xee801,45,0x0,0x0,0x0
3003,0xee801,46,0x0,0x0,0x0
3003,0xee801,47,0x0,0x0,0x0
3003,0xee801,48,0x0,0x0,0x0
3003,0xee801,49,0x0,0x0,0x0
3003,0xee801,50,0x0,0x0,0x0
3003,0xee801,51,0x0,0x0,0x0
3003,0xee801,52,0x0,0x0,0x0
3003,0xee801,53,0x0,0x0,0x0
3003,0xee801,54,0x0,0x0,0x0
3003,0xee801,55,0x0,0x0,0x0
3003,0xee801,56,0x0,0x0,0x0
3003,0xee801,57,0x0,0x0,0x0
3003,0xee801,58,0x0,0x0,0x0
3003,0xee801,59,0x0,0x0,0x0
3003,0xee801,60,0x0,0x0,0x0
3003,0xee801,61,0x0,0x0,0x0
3003,0xee801,62,0x0,0x0,0x0
3003,0xee801,63,0x0,0x0,0x0
3003,0xee801,64,0x0,0x0,0x0
3001,0xee801,icmp_dw0,0x0
3001,0xee801,icmp_dw1,0x0
3001,0xee801,icmpv6_dw0,0x0
3001,0xee801,icmpv6_dw1,0x0
3005,0x55caa439e510,0xee801,0x0,0x11eb
3100,0x55caa45dd2a0,0xee801,1,65533
3102,0x55caa45dd2a0,0xe0200000
3100,0x55caa461eba0,0xee801,1,65532
3102,0x55caa461eba0,0xe0200001
3200,0x55caa461f7f0,0x55caa461eba0,0
3201,0x55caa461f7f0,,,,0000000000000000000000000000000000000000000000000000000000000000ff00000000000000000000000000000000000000000000000000000000000000,,
3203,0x55caa461fb50,0x55caa461f7f0,1,0xe0200008,0xe0200004
3204,0x55caa461f7f00,0,0x2f
3300,0x55caa4624070,0x55caa461f7f0
3302,0xe020000a,0x55caa4624070,102f000000000f3808000020000000000000000000001000000080380800010000000000000000000000000000000002
3406,0x55caa457d810,0x55caa4624070,0x801000
3405,0x55caa4624030,0x55caa4624070,0x4c, 0xffffffff
3300,0x55caa4624140,0x55caa461f7f0
3302,0xe020000b,0x55caa4624140,102f000000000f38080000200000000000000000000011ff000080380800010000000000000000000000000000000001
3406,0x55caa45dd1a0,0x55caa4624140,0x8011ff
3405,0x55caa4624030,0x55caa4624140,0x4c
3300,0x55caa4624390,0x55caa461f7f0
3302,0xe0200008,0x55caa4624390,102f000000000f0000690da00000000000000000000011fe000080380800010000000000000000000000000000000000
3406,0x55caa45dd1e0,0x55caa4624390,0x8011fe
3403,0x55caa45dd260,0x55caa4624390
3200,0x55caa461ed80,0x55caa461eba0,3
3201,0x55caa461ed80,,,,,,
3203,0x55caa461f0e0,0x55caa461ed80,1,0xe0200003,0xe0200002
3204,0x55caa461ed800,0,0xf
3300,0x55caa4620300,0x55caa461ed80
3302,0xe0200003,0x55caa4620300,100f000000000f0000690da00000000000000000000011fd000080380800008000000000000000000000000000000000
3406,0x55caa45dd220,0x55caa4620300,0x8011fd
3403,0x55caa45dd260,0x55caa4620300
